{"playlists": [{"user_id": 2, "textual_tags": "minimal, electro", "number_of_tracks": 8, "playlist_id": 14, "tracks": [{"acousticbrainz_tags": {"mood_happy": {"all": {"not_happy": 0.788116335869, "happy": 0.211883634329}, "probability": 0.788116335869, "value": "not_happy"}, "moods_mirex": {"all": {"Cluster2": 0.0448483265936, "Cluster3": 0.231740936637, "Cluster1": 0.0779148116708, "Cluster4": 0.0312309414148, "Cluster5": 0.614264965057}, "probability": 0.614264965057, "value": "Cluster5"}, "genre_rosamerica": {"all": {"hip": 0.0158641338348, "rhy": 0.920271575451, "jaz": 0.00393860321492, "dan": 0.0212014727294, "roc": 0.00171703996602, "cla": 0.00199206988327, "pop": 0.0262403506786, "spe": 0.00877474807203}, "probability": 0.920271575451, "value": "rhy"}, "mood_electronic": {"all": {"electronic": 0.979391694069, "not_electronic": 0.0206082761288}, "probability": 0.979391694069, "value": "electronic"}, "genre_electronic": {"all": {"house": 0.289567470551, "trance": 0.228300273418, "dnb": 0.00536629464477, "techno": 0.264636129141, "ambient": 0.212129831314}, "probability": 0.289567470551, "value": "house"}, "mood_sad": {"all": {"not_sad": 0.651943445206, "sad": 0.348056554794}, "probability": 0.651943445206, "value": "not_sad"}, "mood_party": {"all": {"party": 1.57784197654e-05, "not_party": 0.999984204769}, "probability": 0.999984204769, "value": "not_party"}, "genre_dortmund": {"all": {"raphiphop": 2.04278371996e-08, "electronic": 0.999999642372, "jazz": 1.48763874108e-07, "pop": 1.53859129881e-08, "folkcountry": 2.42414905927e-08, "rock": 1.07294084728e-07, "alternative": 2.66869181918e-13, "funksoulrnb": 1.65551430342e-08, "blues": 2.94519508608e-13}, "probability": 0.999999642372, "value": "electronic"}, "mood_acoustic": {"all": {"acoustic": 0.0955903604627, "not_acoustic": 0.904409646988}, "probability": 0.904409646988, "value": "not_acoustic"}, "mood_aggressive": {"all": {"not_aggressive": 1, "aggressive": 3.00000096379e-14}, "probability": 1, "value": "not_aggressive"}, "genre_tzanetakis": {"all": {"hip": 0.0405163019896, "jaz": 0.108047567308, "blu": 0.0648698732257, "roc": 0.324209868908, "cla": 0.108081616461, "pop": 0.108063161373, "met": 0.0540295466781, "cou": 0.064826823771, "reg": 0.0810520723462, "dis": 0.0463031716645}, "probability": 0.324209868908, "value": "roc"}, "mood_relaxed": {"all": {"not_relaxed": 0.191182896495, "relaxed": 0.808817088604}, "probability": 0.808817088604, "value": "relaxed"}}, "track_name": "Dexter", "artist_name": "Ricardo Villalobos", "8tracks_id": 25}, {"acousticbrainz_tags": {}, "track_name": "Bedford", "artist_name": "Stephan Bodzin", "8tracks_id": 26}, {"acousticbrainz_tags": {}, "track_name": "Jet", "artist_name": "Ellen Allien & Apparat", "8tracks_id": 32}, {"acousticbrainz_tags": {}, "track_name": "Migracion (Fujiya & Miyagi Remix)", "artist_name": "Lopazz", "8tracks_id": 27}, {"acousticbrainz_tags": {}, "track_name": "Full Range Madness", "artist_name": "Gregor Tresher", "8tracks_id": 35}, {"acousticbrainz_tags": {}, "track_name": "Atlas", "artist_name": "Marc Romboy vs Stephan Bodzin", "8tracks_id": 65}, {"acousticbrainz_tags": {}, "track_name": "Domino", "artist_name": "Oxia", "8tracks_id": 67}, {"acousticbrainz_tags": {}, "track_name": "Open the Gates", "artist_name": "Gregor Tresher & Guy Gerber", "8tracks_id": 68}], "playlist_name": "electrominimalicious"}, {"user_id": 2, "textual_tags": "", "number_of_tracks": 24, "playlist_id": 16, "tracks": [{"acousticbrainz_tags": {"mood_happy": {"all": {"not_happy": 0.624015271664, "happy": 0.375984728336}, "probability": 0.624015271664, "value": "not_happy"}, "moods_mirex": {"all": {"Cluster2": 0.064464122057, "Cluster3": 0.149449959397, "Cluster1": 0.0793378502131, "Cluster4": 0.0535447821021, "Cluster5": 0.653203308582}, "probability": 0.653203308582, "value": "Cluster5"}, "genre_rosamerica": {"all": {"hip": 0.000689915730618, "rhy": 0.000232154940022, "jaz": 0.000430951418821, "dan": 0.993461728096, "roc": 0.00451817223802, "cla": 9.16604112717e-05, "pop": 0.000487932236865, "spe": 8.75054247444e-05}, "probability": 0.993461728096, "value": "dan"}, "mood_electronic": {"all": {"electronic": 0.931608855724, "not_electronic": 0.0683911591768}, "probability": 0.931608855724, "value": "electronic"}, "genre_electronic": {"all": {"house": 0.0335168242455, "trance": 0.851756870747, "dnb": 0.00743015808985, "techno": 0.0256696678698, "ambient": 0.0816264674067}, "probability": 0.851756870747, "value": "trance"}, "mood_sad": {"all": {"not_sad": 0.738281846046, "sad": 0.261718153954}, "probability": 0.738281846046, "value": "not_sad"}, "mood_party": {"all": {"party": 0.986937105656, "not_party": 0.0130628803745}, "probability": 0.986937105656, "value": "party"}, "genre_dortmund": {"all": {"raphiphop": 1.61339546167e-08, "electronic": 0.999998211861, "jazz": 1.37374911446e-06, "pop": 2.96025071123e-08, "folkcountry": 2.01684827061e-07, "rock": 1.21532238495e-07, "alternative": 8.6399998267e-10, "funksoulrnb": 3.17319148735e-08, "blues": 9.2736207602e-10}, "probability": 0.999998211861, "value": "electronic"}, "mood_acoustic": {"all": {"acoustic": 2.1633641154e-06, "not_acoustic": 0.999997854233}, "probability": 0.999997854233, "value": "not_acoustic"}, "mood_aggressive": {"all": {"not_aggressive": 0.223541229963, "aggressive": 0.776458799839}, "probability": 0.776458799839, "value": "aggressive"}, "genre_tzanetakis": {"all": {"hip": 0.15692435205, "jaz": 0.313974827528, "blu": 0.0626613423228, "roc": 0.0784258767962, "cla": 0.0348169617355, "pop": 0.0627359300852, "met": 0.0448166541755, "cou": 0.104475811124, "reg": 0.0627360641956, "dis": 0.0784321576357}, "probability": 0.313974827528, "value": "jaz"}, "mood_relaxed": {"all": {"not_relaxed": 0.829017162323, "relaxed": 0.170982822776}, "probability": 0.829017162323, "value": "not_relaxed"}}, "track_name": "Teleportation (Original Mix)", "artist_name": "Parker & Clind", "8tracks_id": 43}, {"acousticbrainz_tags": {"mood_happy": {"all": {"not_happy": 0.577099442482, "happy": 0.422900557518}, "probability": 0.577099442482, "value": "not_happy"}, "moods_mirex": {"all": {"Cluster2": 0.0460714139044, "Cluster3": 0.226608395576, "Cluster1": 0.075973585248, "Cluster4": 0.0323924049735, "Cluster5": 0.618954181671}, "probability": 0.618954181671, "value": "Cluster5"}, "genre_rosamerica": {"all": {"hip": 0.0246037114412, "rhy": 0.0121726533398, "jaz": 0.00108626612928, "dan": 0.953567683697, "roc": 0.00134437798988, "cla": 0.000317603495205, "pop": 0.00674497103319, "spe": 0.000162713549798}, "probability": 0.953567683697, "value": "dan"}, "mood_electronic": {"all": {"electronic": 0.966750562191, "not_electronic": 0.0332494303584}, "probability": 0.966750562191, "value": "electronic"}, "genre_electronic": {"all": {"house": 0.0111229447648, "trance": 0.884671151638, "dnb": 0.00126303813886, "techno": 0.0363545641303, "ambient": 0.0665883049369}, "probability": 0.884671151638, "value": "trance"}, "mood_sad": {"all": {"not_sad": 0.652263998985, "sad": 0.347736001015}, "probability": 0.652263998985, "value": "not_sad"}, "mood_party": {"all": {"party": 0.000303925276967, "not_party": 0.999696075916}, "probability": 0.999696075916, "value": "not_party"}, "genre_dortmund": {"all": {"raphiphop": 2.08966994819e-08, "electronic": 0.999999701977, "jazz": 9.26738934481e-08, "pop": 1.50620493855e-08, "folkcountry": 2.1296092001e-08, "rock": 1.10062188696e-07, "alternative": 4.67352766458e-14, "funksoulrnb": 1.8608314889e-08, "blues": 5.48554122048e-14}, "probability": 0.999999701977, "value": "electronic"}, "mood_acoustic": {"all": {"acoustic": 2.29989609579e-07, "not_acoustic": 0.999999761581}, "probability": 0.999999761581, "value": "not_acoustic"}, "mood_aggressive": {"all": {"not_aggressive": 1, "aggressive": 3.00000096379e-14}, "probability": 1, "value": "not_aggressive"}, "genre_tzanetakis": {"all": {"hip": 0.15527240932, "jaz": 0.310666948557, "blu": 0.0620671063662, "roc": 0.103479810059, "cla": 0.034474901855,