user_id,mix_id,mix_name,mix_tags,track_id,track_name,artist_name,focus,voice_instrumental_value,instrumental,voice,danceability_value,danceable,not_danceable,mood_acoustic_value,acoustic,not_acoustic,mood_aggressive_value,aggressive,not_aggressive,mood_party_value,party,not_party,mood_relaxed_value,relaxed,not_relaxed,tone,bpm
29,256,Ali Farka Toure With Ry Cooder,,2966,Amandrai,Ali Farka Toure With Ry Cooder,0,instrumental,0.999999940395,6.51905622817e-08,not_danceable,3.00000096379e-14,1,not_acoustic,0.0955903604627,0.904409646988,not_aggressive,3.00000096379e-14,1,not_party,1.57784197654e-05,0.999984204769,relaxed,0.808817088604,0.191182896495,minor,164.078170776
29,256,Ali Farka Toure With Ry Cooder,,2968,Lasidan,Ali Farka Toure With Ry Cooder,0,instrumental,0.999994695187,5.32560898137e-06,not_danceable,3.00000096379e-14,1,not_acoustic,0.0955903604627,0.904409646988,not_aggressive,3.00000096379e-14,1,not_party,1.57784197654e-05,0.999984204769,relaxed,0.808817088604,0.191182896495,major,99.8529968262
29,256,Ali Farka Toure With Ry Cooder,,2972,Bonde,Ali Farka Toure With Ry Cooder,0,instrumental,1,1.29700652995e-10,not_danceable,3.00000096379e-14,1,not_acoustic,0.0955903604627,0.904409646988,not_aggressive,3.00000096379e-14,1,not_party,1.57784197654e-05,0.999984204769,relaxed,0.808817088604,0.191182896495,minor,113.702590942
29,256,Ali Farka Toure With Ry Cooder,,2973,Banga,Ali Farka Toure With Ry Cooder,0,instrumental,0.999992191792,7.80859591032e-06,not_danceable,3.00000096379e-14,1,not_acoustic,0.0955903604627,0.904409646988,not_aggressive,3.00000096379e-14,1,not_party,1.57784197654e-05,0.999984204769,relaxed,0.808817088604,0.191182896495,minor,74.9426193237
29,256,Ali Farka Toure With Ry Cooder,,2974,Gomni,Ali Farka Toure With Ry Cooder,0,instrumental,0.999999940395,3.12435162186e-08,not_danceable,3.00000096379e-14,1,not_acoustic,0.0955903604627,0.904409646988,not_aggressive,3.00000096379e-14,1,not_party,1.57784197654e-05,0.999984204769,relaxed,0.808817088604,0.191182896495,major,164.509902954
29,256,Ali Farka Toure With Ry Cooder,,2975,Diaraby,Ali Farka Toure With Ry Cooder,0,instrumental,1,4.3763270785e-10,not_danceable,3.00000096379e-14,1,not_acoustic,0.0955903604627,0.904409646988,not_aggressive,3.00000096379e-14,1,not_party,1.57784197654e-05,0.999984204769,relaxed,0.808817088604,0.191182896495,minor,142.317489624
