user_id,mix_id,mix_name,mix_tags,track_id,track_name,artist_name,focus,voice_instrumental_value,instrumental,voice,danceability_value,danceable,not_danceable,mood_acoustic_value,acoustic,not_acoustic,mood_aggressive_value,aggressive,not_aggressive,mood_party_value,party,not_party,mood_relaxed_value,relaxed,not_relaxed,tone,bpm
2,262,Now It's Dark,,189,Koyaanisqatsi,Philip Glass,0,instrumental,0.99283272028,0.00716729275882,not_danceable,0.0150563409552,0.984943687916,acoustic,0.957097113132,0.0429028943181,not_aggressive,0.0128278927878,0.98717212677,not_party,0.00119321665261,0.998806774616,relaxed,0.999994218349,5.78440904064e-06,minor,131.420761108
2,262,Now It's Dark,,904,Stripped,Depeche Mode,0,voice,0.349275887012,0.650724112988,not_danceable,0.0850500240922,0.914949953556,not_acoustic,0.0172018241137,0.982798159122,aggressive,0.949012935162,0.0509870611131,party,0.811859071255,0.188140898943,not_relaxed,0.0499369055033,0.950063109398,minor,90.5728530884
2,262,Now It's Dark,,3029,Something I Can Never Have,Nine Inch Nails,0,voice,0.117982655764,0.882017374039,not_danceable,0.00892440415919,0.991075575352,acoustic,0.97174435854,0.0282556526363,not_aggressive,0.0258277207613,0.97417229414,not_party,0.00492029124871,0.995079696178,relaxed,0.978196263313,0.0218037627637,major,99.5272369385
2,262,Now It's Dark,,3031,Daisy Chain For Satan,Thrill Kill Cult,0
2,262,Now It's Dark,,31,Darko,Booka Shade,0
2,262,Now It's Dark,,102,Black Celebration,Depeche Mode,0
2,262,Now It's Dark,,3119,The Angel,Ministry,0,voice,0.171923413873,0.828076601028,danceable,0.938763856888,0.0612361505628,not_acoustic,0.00437639979646,0.995623588562,aggressive,0.746595561504,0.253404408693,party,0.914150476456,0.0858495458961,not_relaxed,0.228585883975,0.771414101124,major,105.878471375
2,262,Now It's Dark,,649,Poney Part 1,Vitalic,0,voice,0.5,0.5,danceable,0.999715685844,0.000284305686364,not_acoustic,1.15154975333e-07,0.999999880791,aggressive,0.800754010677,0.199245974422,party,0.961757183075,0.0382428467274,not_relaxed,0.344684153795,0.655315816402,minor,135.897216797
