user_id,mix_id,mix_name,mix_tags,track_id,track_name,artist_name,focus,voice_instrumental_value,instrumental,voice,danceability_value,danceable,not_danceable,mood_acoustic_value,acoustic,not_acoustic,mood_aggressive_value,aggressive,not_aggressive,mood_party_value,party,not_party,mood_relaxed_value,relaxed,not_relaxed,tone,bpm
281,324,The Anvil,stoner rock,3619,Negasonic Teenage Warhead,Monster Magnet,0,instrumental,0.946838378906,0.0531615950167,not_danceable,0.0810033008456,0.918996691704,not_acoustic,5.00599480802e-06,0.99999499321,aggressive,0.967774569988,0.0322254300117,party,0.804003000259,0.195996999741,not_relaxed,0.0158225018531,0.984177470207,minor,117.699768066
281,324,The Anvil,stoner rock,3620,Hunting By Echo,Alabama Thunderpussy,0,voice,0.178118884563,0.821881115437,danceable,0.983223259449,0.0167767480016,not_acoustic,6.00942757956e-06,0.999993979931,aggressive,0.997758328915,0.00224168458953,not_party,0.470445454121,0.529554545879,not_relaxed,0.098996900022,0.90100312233,minor,126.359344482
281,324,The Anvil,stoner rock,3621,Bitch Move,Black Helicopter,0
281,324,The Anvil,stoner rock,3622,Power of the Sun,Bruce Dickinson,0,voice,0.414669424295,0.585330605507,not_danceable,0.129056155682,0.870943844318,not_acoustic,0.0316614545882,0.968338549137,aggressive,0.598326802254,0.401673197746,not_party,0.43678471446,0.563215315342,not_relaxed,0.00803619716316,0.991963803768,minor,103.381729126
281,324,The Anvil,stoner rock,3623,Vote With a Bullet,Corrosion of Conformity,0
281,324,The Anvil,stoner rock,3624,Pure Rock Fury,Clutch,0
281,324,The Anvil,stoner rock,3625,Hopkins (The Witchfinder General),Cathedral,0,instrumental,0.988419175148,0.0115808313712,not_danceable,3.00000096379e-14,1,not_acoustic,0.0955903604627,0.904409646988,not_aggressive,3.00000096379e-14,1,not_party,1.57784197654e-05,0.999984204769,relaxed,0.808817088604,0.191182896495,major,137.247695923
281,324,The Anvil,stoner rock,3626,Like A Goddamn Rat,Early Man,0,voice,0.329480826855,0.670519173145,danceable,0.556685388088,0.443314611912,not_acoustic,0.0394173152745,0.96058267355,aggressive,0.91535371542,0.0846462771297,party,0.516545474529,0.483454525471,not_relaxed,0.053978741169,0.946021258831,minor,155.936248779
