user_id,mix_id,mix_name,mix_tags,track_id,track_name,artist_name,focus,voice_instrumental_value,instrumental,voice,danceability_value,danceable,not_danceable,mood_acoustic_value,acoustic,not_acoustic,mood_aggressive_value,aggressive,not_aggressive,mood_party_value,party,not_party,mood_relaxed_value,relaxed,not_relaxed,tone,bpm
451,350,Joe Miller's July 2008 mix,,3892,I'm Your Late Night Evening Prostitute,Tom Waits,0,instrumental,0.963507950306,0.0364920385182,not_danceable,0.0249626170844,0.975037395954,acoustic,0.771991491318,0.228008508682,not_aggressive,0.0108442921191,0.989155709743,not_party,0.0133279524744,0.9866720438,relaxed,0.99695700407,0.00304300710559,minor,143.314331055
451,350,Joe Miller's July 2008 mix,,3893,We're All Mad Here,Tom Waits,0,instrumental,1,1.18925247428e-09,not_danceable,3.00000096379e-14,1,not_acoustic,0.0955903604627,0.904409646988,not_aggressive,3.00000096379e-14,1,not_party,1.57784197654e-05,0.999984204769,relaxed,0.808817088604,0.191182896495,minor,172.265960693
451,350,Joe Miller's July 2008 mix,,3894,Martha,Tom Waits,0,instrumental,0.999997079372,2.94749202112e-06,not_danceable,3.00000096379e-14,1,not_acoustic,0.0955916717649,0.904408335686,not_aggressive,3.00000096379e-14,1,not_party,1.57784197654e-05,0.999984204769,relaxed,0.808817088604,0.191182896495,major,123.004463196
451,350,Joe Miller's July 2008 mix,,3896,Tango Till They're Sore,Tom Waits,0
451,350,Joe Miller's July 2008 mix,,3897,Hang on St. Christopher,Tom Waits,0
451,350,Joe Miller's July 2008 mix,,3898,'Til the Money Runs Out,Tom Waits,0,instrumental,0.99999666214,3.36561652148e-06,not_danceable,3.00000096379e-14,1,not_acoustic,0.0395462028682,0.960453808308,not_aggressive,3.00000096379e-14,1,not_party,1.57784197654e-05,0.999984204769,relaxed,0.808817088604,0.191182896495,minor,122.46207428
451,350,Joe Miller's July 2008 mix,,3899,Gin Soaked Boy,Tom Waits,0,instrumental,0.984241008759,0.0157590135932,not_danceable,3.00000096379e-14,1,not_acoustic,0.0955903604627,0.904409646988,not_aggressive,3.00000096379e-14,1,not_party,1.57784197654e-05,0.999984204769,relaxed,0.808817088604,0.191182896495,major,115.293457031
451,350,Joe Miller's July 2008 mix,,3900,I Can't Wait to Get off Work,Tom ,0
