user_id,mix_id,mix_name,mix_tags,track_id,track_name,artist_name,focus,voice_instrumental_value,instrumental,voice,danceability_value,danceable,not_danceable,mood_acoustic_value,acoustic,not_acoustic,mood_aggressive_value,aggressive,not_aggressive,mood_party_value,party,not_party,mood_relaxed_value,relaxed,not_relaxed,tone,bpm
957,418,pookadana's July 2008 mix,,4287,Little Bit,Lykke Li,0,instrumental,0.550410211086,0.449589788914,danceable,0.941114902496,0.0588850788772,acoustic,0.838902294636,0.161097690463,not_aggressive,0.0173743274063,0.98262566328,not_party,0.296330094337,0.703669905663,relaxed,0.827993631363,0.172006353736,minor,120.327400208
957,418,pookadana's July 2008 mix,,4288,One Hour Empire,Broadcast,0,voice,0.190359801054,0.809640169144,not_danceable,0.289488762617,0.710511207581,not_acoustic,0.0112745454535,0.988725483418,aggressive,0.581370711327,0.418629288673,party,0.751395463943,0.248604550958,not_relaxed,0.19651080668,0.803489208221,minor,154.786239624
957,418,pookadana's July 2008 mix,,4289,Goldie Locks,White Denim,0
957,418,pookadana's July 2008 mix,,4290,Lay Me Down,The Frames,0,voice,0.00606992049143,0.993930101395,not_danceable,0.202392712235,0.797607302666,not_acoustic,0.398033767939,0.601966261864,not_aggressive,0.17010191083,0.829898059368,not_party,0.265291124582,0.73470890522,relaxed,0.883466303349,0.116533726454,major,108.296432495
