user_id,mix_id,mix_name,mix_tags,track_id,track_name,artist_name,focus,voice_instrumental_value,instrumental,voice,danceability_value,danceable,not_danceable,mood_acoustic_value,acoustic,not_acoustic,mood_aggressive_value,aggressive,not_aggressive,mood_party_value,party,not_party,mood_relaxed_value,relaxed,not_relaxed,tone,bpm
1116,429,tptoff's July 2008 mix,"house, indie rock, punk",4333,Mr.Brightside (Thin White Duke Remix),The Killers,0
1116,429,tptoff's July 2008 mix,"house, indie rock, punk",4338,Rebellion (Lies),Arcade Fire,0,instrumental,0.549319922924,0.450680077076,danceable,0.911408185959,0.0885918289423,not_acoustic,0.0544637590647,0.945536255836,aggressive,0.546603620052,0.45339640975,party,0.539020955563,0.460979044437,relaxed,0.873762071133,0.126237913966,major,128.72593689
1116,429,tptoff's July 2008 mix,"house, indie rock, punk",4339,Headlights Look Like Diamonds,Arcade Fire,0,voice,0.124746754766,0.875253260136,danceable,0.687666475773,0.312333554029,not_acoustic,0.136320352554,0.863679647446,not_aggressive,0.0404072441161,0.959592759609,not_party,0.482920527458,0.517079472542,relaxed,0.796348154545,0.203651860356,major,146.094604492
1116,429,tptoff's July 2008 mix,"house, indie rock, punk",4340,Aer Obama,Daft Punk,0
1116,429,tptoff's July 2008 mix,"house, indie rock, punk",4356,Maps,Yeah Yeah Yeahs,0,voice,0.0804101377726,0.919589877129,danceable,0.939470052719,0.0605299286544,not_acoustic,0.0264260359108,0.973573982716,not_aggressive,0.28078609705,0.71921390295,party,0.621980726719,0.378019273281,not_relaxed,0.172620609403,0.827379405499,major,119.971031189
1116,429,tptoff's July 2008 mix,"house, indie rock, punk",4357,Rebel Without A Pause,Public Enemy,0,instrumental,0.645738661289,0.354261338711,danceable,0.986929655075,0.0130703505129,not_acoustic,0.00754151353613,0.992458462715,aggressive,0.884038567543,0.115961402655,party,0.836219668388,0.163780346513,not_relaxed,0.00580524839461,0.994194746017,major,99.6196212769
1116,429,tptoff's July 2008 mix,"house, indie rock, punk",4410,Memory Motel,The Rolling Stones,0,voice,0.455427497625,0.544572532177,not_danceable,0.351803958416,0.648196041584,acoustic,0.55688893795,0.44311106205,not_aggressive,0.012580268085,0.987419724464,not_party,0.102590501308,0.897409498692,relaxed,0.599135458469,0.400864541531,major,172.265090942
1116,429,tptoff's July 2008 mix,"house, indie rock, punk",4411,There Is A Light That Never Goes Out,The Smiths,0
