user_id,mix_id,mix_name,mix_tags,track_id,track_name,artist_name,focus,voice_instrumental_value,instrumental,voice,danceability_value,danceable,not_danceable,mood_acoustic_value,acoustic,not_acoustic,mood_aggressive_value,aggressive,not_aggressive,mood_party_value,party,not_party,mood_relaxed_value,relaxed,not_relaxed,tone,bpm
82,93,minimal blend,,1348,Endorphin,Burial,0,instrumental,0.839489638805,0.160510376096,not_danceable,0.35931456089,0.64068543911,not_acoustic,0.291196614504,0.708803355694,not_aggressive,0.116704471409,0.883295536041,not_party,0.0308154411614,0.969184577465,relaxed,0.996597766876,0.00340223475359,minor,138.938690186
82,93,minimal blend,,1337,Ghost Hardware,Burial,0,voice,0.334430962801,0.665569067001,danceable,0.746503949165,0.253496021032,not_acoustic,0.187219649553,0.812780320644,not_aggressive,0.0410893633962,0.958910644054,not_party,0.296282827854,0.703717172146,relaxed,0.512452065945,0.487547934055,minor,135.88734436
82,93,minimal blend,,730,Pyramid Song,Radiohead,0,instrumental,0.999999582767,4.26582346336e-07,not_danceable,3.00000096379e-14,1,not_acoustic,0.0955903604627,0.904409646988,not_aggressive,3.00000096379e-14,1,not_party,1.57784197654e-05,0.999984204769,relaxed,0.808817088604,0.191182896495,major,105.838188171
