user_id,mix_id,mix_name,mix_tags,track_id,track_name,artist_name,focus,voice_instrumental_value,instrumental,voice,danceability_value,danceable,not_danceable,mood_acoustic_value,acoustic,not_acoustic,mood_aggressive_value,aggressive,not_aggressive,mood_party_value,party,not_party,mood_relaxed_value,relaxed,not_relaxed,tone,bpm
262271,689413,Study-GoT,"game of thrones, study, upbeat, focus, epic",6908942,The Assassin's Dagger,Ramin Djawadi,1,voice,0.168844148517,0.831155836582,danceable,0.830751001835,0.169249013066,not_acoustic,0.00406567938626,0.995934307575,not_aggressive,0.299672156572,0.70032787323,not_party,0.395860433578,0.604139566422,relaxed,0.955144047737,0.0448559373617,minor,79.7964782715
262271,689413,Study-GoT,"game of thrones, study, upbeat, focus, epic",6908943,To Vaes Dothrak,Ramin Djawadi,1,instrumental,0.999995708466,4.26603628512e-06,danceable,0.847746968269,0.152253031731,not_acoustic,0.140396028757,0.859604001045,not_aggressive,0.416593044996,0.583406925201,not_party,0.104802452028,0.895197570324,relaxed,0.976582169533,0.0234178267419,minor,106.555839539
262271,689413,Study-GoT,"game of thrones, study, upbeat, focus, epic",6908948,Jon's Honor,Ramin Djawadi,1,instrumental,0.94266295433,0.0573370605707,not_danceable,0.0370653569698,0.962934672832,acoustic,0.781133413315,0.218866586685,not_aggressive,0.197064429522,0.802935600281,not_party,0.0599084161222,0.940091609955,relaxed,0.98422908783,0.0157709121704,major,111.658493042
262271,689413,Study-GoT,"game of thrones, study, upbeat, focus, epic",6908952,Black of Hair,Ramin Djawadi,1,instrumental,1,2.23305396396e-09,not_danceable,3.00000096379e-14,1,not_acoustic,0.0955903604627,0.904409646988,not_aggressive,3.00000096379e-14,1,not_party,1.57784197654e-05,0.999984204769,relaxed,0.808817088604,0.191182896495,major,64.9510345459
